[{"housename":"Mannat","address":"Juhu beach, Mumbai","housenumber":"123","price":"3500","rating":"3","facilities":"2BHK, TV, Wifi, Frigde, AC, Garden, Geyser, Swimming Pool","id":"1"},{"housename":"Summer Home","address":"Goa","housenumber":"15","price":"6000","rating":"4","facilities":"2BHK, TV, Wifi, Frigde, AC, Garden, Geyser, Swimming Pool","id":"3ce8cc28-58c8-47e6-b19d-466b1abe30e0"},{"housename":"Rameshwar House","address":"M-1/85, sector B, Aliganj Lucknow","housenumber":"85","price":"9000","rating":"5","facilities":"5BHK, Garden, Swimming Pool, AC, Fridge, Gym, Theatre, Badminton Court, Geyser","id":"4803b576-f7cf-4ca9-9e67-e0b576347578"}] 